<application>
  <component name="ProjectJdkTable">
    <jdk version="2">
      <name value="11" />
      <type value="JavaSDK" />
      <version value="Azul Zulu Community™ version 11.0.10" />
      <homePath value="$USER_HOME$/.sdkman/candidates/java/11.0.10-zulu" />
      <roots>
        <annotationsPath>
          <root type="composite">
            <root url="jar://$APPLICATION_HOME_DIR$/plugins/java/lib/jdkAnnotations.jar!/" type="simple" />
          </root>
        </annotationsPath>
        <classPath>
          <root type="composite">
            <root url="jrt:///home/kaue/.sdkman/candidates/java/11.0.10-zulu!/java.base" type="simple" />
            <root url="jrt:///home/kaue/.sdkman/candidates/java/11.0.10-zulu!/java.compiler" type="simple" />
            <root url="jrt:///home/kaue/.sdkman/candidates/java/11.0.10-zulu!/java.datatransfer" type="simple" />
            <root url="jrt:///home/kaue/.sdkman/candidates/java/11.0.10-zulu!/java.desktop" type="simple" />
            <root url="jrt:///home/kaue/.sdkman/candidates/java/11.0.10-zulu!/java.instrument" type="simple" />
            <root url="jrt:///home/kaue/.sdkman/candidates/java/11.0.10-zulu!/java.logging" type="simple" />
            <root url="jrt:///home/kaue/.sdkman/candidates/java/11.0.10-zulu!/java.management" type="simple" />
            <root url="jrt:///home/kaue/.sdkman/candidates/java/11.0.10-zulu!/java.management.rmi" type="simple" />
            <root url="jrt:///home/kaue/.sdkman/candidates/java/11.0.10-zulu!/java.naming" type="simple" />
            <root url="jrt:///home/kaue/.sdkman/candidates/java/11.0.10-zulu!/java.net.http" type="simple" />
            <root url="jrt:///home/kaue/.sdkman/candidates/java/11.0.10-zulu!/java.prefs" type="simple" />
            <root url="jrt:///home/kaue/.sdkman/candidates/java/11.0.10-zulu!/java.rmi" type="simple" />
            <root url="jrt:///home/kaue/.sdkman/candidates/java/11.0.10-zulu!/java.scripting" type="simple" />
            <root url="jrt:///home/kaue/.sdkman/candidates/java/11.0.10-zulu!/java.se" type="simple" />
            <root url="jrt:///home/kaue/.sdkman/candidates/java/11.0.10-zulu!/java.security.jgss" type="simple" />
            <root url="jrt:///home/kaue/.sdkman/candidates/java/11.0.10-zulu!/java.security.sasl" type="simple" />
            <root url="jrt:///home/kaue/.sdkman/candidates/java/11.0.10-zulu!/java.smartcardio" type="simple" />
            <root url="jrt:///home/kaue/.sdkman/candidates/java/11.0.10-zulu!/java.sql" type="simple" />
            <root url="jrt:///home/kaue/.sdkman/candidates/java/11.0.10-zulu!/java.sql.rowset" type="simple" />
            <root url="jrt:///home/kaue/.sdkman/candidates/java/11.0.10-zulu!/java.transaction.xa" type="simple" />
            <root url="jrt:///home/kaue/.sdkman/candidates/java/11.0.10-zulu!/java.xml" type="simple" />
            <root url="jrt:///home/kaue/.sdkman/candidates/java/11.0.10-zulu!/java.xml.crypto" type="simple" />
            <root url="jrt:///home/kaue/.sdkman/candidates/java/11.0.10-zulu!/jdk.accessibility" type="simple" />
            <root url="jrt:///home/kaue/.sdkman/candidates/java/11.0.10-zulu!/jdk.aot" type="simple" />
            <root url="jrt:///home/kaue/.sdkman/candidates/java/11.0.10-zulu!/jdk.attach" type="simple" />
            <root url="jrt:///home/kaue/.sdkman/candidates/java/11.0.10-zulu!/jdk.charsets" type="simple" />
            <root url="jrt:///home/kaue/.sdkman/candidates/java/11.0.10-zulu!/jdk.compiler" type="simple" />
            <root url="jrt:///home/kaue/.sdkman/candidates/java/11.0.10-zulu!/jdk.crypto.cryptoki" type="simple" />
            <root url="jrt:///home/kaue/.sdkman/candidates/java/11.0.10-zulu!/jdk.crypto.ec" type="simple" />
            <root url="jrt:///home/kaue/.sdkman/candidates/java/11.0.10-zulu!/jdk.dynalink" type="simple" />
            <root url="jrt:///home/kaue/.sdkman/candidates/java/11.0.10-zulu!/jdk.editpad" type="simple" />
            <root url="jrt:///home/kaue/.sdkman/candidates/java/11.0.10-zulu!/jdk.hotspot.agent" type="simple" />
            <root url="jrt:///home/kaue/.sdkman/candidates/java/11.0.10-zulu!/jdk.httpserver" type="simple" />
            <root url="jrt:///home/kaue/.sdkman/candidates/java/11.0.10-zulu!/jdk.internal.ed" type="simple" />
            <root url="jrt:///home/kaue/.sdkman/candidates/java/11.0.10-zulu!/jdk.internal.jvmstat" type="simple" />
            <root url="jrt:///home/kaue/.sdkman/candidates/java/11.0.10-zulu!/jdk.internal.le" type="simple" />
            <root url="jrt:///home/kaue/.sdkman/candidates/java/11.0.10-zulu!/jdk.internal.opt" type="simple" />
            <root url="jrt:///home/kaue/.sdkman/candidates/java/11.0.10-zulu!/jdk.internal.vm.ci" type="simple" />
            <root url="jrt:///home/kaue/.sdkman/candidates/java/11.0.10-zulu!/jdk.internal.vm.compiler" type="simple" />
            <root url="jrt:///home/kaue/.sdkman/candidates/java/11.0.10-zulu!/jdk.internal.vm.compiler.management" type="simple" />
            <root url="jrt:///home/kaue/.sdkman/candidates/java/11.0.10-zulu!/jdk.jartool" type="simple" />
            <root url="jrt:///home/kaue/.sdkman/candidates/java/11.0.10-zulu!/jdk.javadoc" type="simple" />
            <root url="jrt:///home/kaue/.sdkman/candidates/java/11.0.10-zulu!/jdk.jcmd" type="simple" />
            <root url="jrt:///home/kaue/.sdkman/candidates/java/11.0.10-zulu!/jdk.jconsole" type="simple" />
            <root url="jrt:///home/kaue/.sdkman/candidates/java/11.0.10-zulu!/jdk.jdeps" type="simple" />
            <root url="jrt:///home/kaue/.sdkman/candidates/java/11.0.10-zulu!/jdk.jdi" type="simple" />
            <root url="jrt:///home/kaue/.sdkman/candidates/java/11.0.10-zulu!/jdk.jdwp.agent" type="simple" />
            <root url="jrt:///home/kaue/.sdkman/candidates/java/11.0.10-zulu!/jdk.jfr" type="simple" />
            <root url="jrt:///home/kaue/.sdkman/candidates/java/11.0.10-zulu!/jdk.jlink" type="simple" />
            <root url="jrt:///home/kaue/.sdkman/candidates/java/11.0.10-zulu!/jdk.jshell" type="simple" />
            <root url="jrt:///home/kaue/.sdkman/candidates/java/11.0.10-zulu!/jdk.jsobject" type="simple" />
            <root url="jrt:///home/kaue/.sdkman/candidates/java/11.0.10-zulu!/jdk.jstatd" type="simple" />
            <root url="jrt:///home/kaue/.sdkman/candidates/java/11.0.10-zulu!/jdk.localedata" type="simple" />
            <root url="jrt:///home/kaue/.sdkman/candidates/java/11.0.10-zulu!/jdk.management" type="simple" />
            <root url="jrt:///home/kaue/.sdkman/candidates/java/11.0.10-zulu!/jdk.management.agent" type="simple" />
            <root url="jrt:///home/kaue/.sdkman/candidates/java/11.0.10-zulu!/jdk.management.jfr" type="simple" />
            <root url="jrt:///home/kaue/.sdkman/candidates/java/11.0.10-zulu!/jdk.naming.dns" type="simple" />
            <root url="jrt:///home/kaue/.sdkman/candidates/java/11.0.10-zulu!/jdk.naming.ldap" type="simple" />
            <root url="jrt:///home/kaue/.sdkman/candidates/java/11.0.10-zulu!/jdk.naming.rmi" type="simple" />
            <root url="jrt:///home/kaue/.sdkman/candidates/java/11.0.10-zulu!/jdk.net" type="simple" />
            <root url="jrt:///home/kaue/.sdkman/candidates/java/11.0.10-zulu!/jdk.pack" type="simple" />
            <root url="jrt:///home/kaue/.sdkman/candidates/java/11.0.10-zulu!/jdk.rmic" type="simple" />
            <root url="jrt:///home/kaue/.sdkman/candidates/java/11.0.10-zulu!/jdk.scripting.nashorn" type="simple" />
            <root url="jrt:///home/kaue/.sdkman/candidates/java/11.0.10-zulu!/jdk.scripting.nashorn.shell" type="simple" />
            <root url="jrt:///home/kaue/.sdkman/candidates/java/11.0.10-zulu!/jdk.sctp" type="simple" />
            <root url="jrt:///home/kaue/.sdkman/candidates/java/11.0.10-zulu!/jdk.security.auth" type="simple" />
            <root url="jrt:///home/kaue/.sdkman/candidates/java/11.0.10-zulu!/jdk.security.jgss" type="simple" />
            <root url="jrt:///home/kaue/.sdkman/candidates/java/11.0.10-zulu!/jdk.unsupported" type="simple" />
            <root url="jrt:///home/kaue/.sdkman/candidates/java/11.0.10-zulu!/jdk.unsupported.desktop" type="simple" />
            <root url="jrt:///home/kaue/.sdkman/candidates/java/11.0.10-zulu!/jdk.xml.dom" type="simple" />
            <root url="jrt:///home/kaue/.sdkman/candidates/java/11.0.10-zulu!/jdk.zipfs" type="simple" />
            <root url="jrt:///home/kaue/.sdkman/candidates/java/11.0.10-zulu!/org.openjsse" type="simple" />
          </root>
        </classPath>
        <javadocPath>
          <root type="composite" />
        </javadocPath>
        <sourcePath>
          <root type="composite">
            <root url="jar://$USER_HOME$/.sdkman/candidates/java/11.0.10-zulu/lib/src.zip!/java.se" type="simple" />
            <root url="jar://$USER_HOME$/.sdkman/candidates/java/11.0.10-zulu/lib/src.zip!/jdk.aot" type="simple" />
            <root url="jar://$USER_HOME$/.sdkman/candidates/java/11.0.10-zulu/lib/src.zip!/jdk.jdi" type="simple" />
            <root url="jar://$USER_HOME$/.sdkman/candidates/java/11.0.10-zulu/lib/src.zip!/jdk.jfr" type="simple" />
            <root url="jar://$USER_HOME$/.sdkman/candidates/java/11.0.10-zulu/lib/src.zip!/jdk.net" type="simple" />
            <root url="jar://$USER_HOME$/.sdkman/candidates/java/11.0.10-zulu/lib/src.zip!/java.rmi" type="simple" />
            <root url="jar://$USER_HOME$/.sdkman/candidates/java/11.0.10-zulu/lib/src.zip!/java.sql" type="simple" />
            <root url="jar://$USER_HOME$/.sdkman/candidates/java/11.0.10-zulu/lib/src.zip!/java.xml" type="simple" />
            <root url="jar://$USER_HOME$/.sdkman/candidates/java/11.0.10-zulu/lib/src.zip!/jdk.jcmd" type="simple" />
            <root url="jar://$USER_HOME$/.sdkman/candidates/java/11.0.10-zulu/lib/src.zip!/jdk.pack" type="simple" />
            <root url="jar://$USER_HOME$/.sdkman/candidates/java/11.0.10-zulu/lib/src.zip!/jdk.rmic" type="simple" />
            <root url="jar://$USER_HOME$/.sdkman/candidates/java/11.0.10-zulu/lib/src.zip!/jdk.sctp" type="simple" />
            <root url="jar://$USER_HOME$/.sdkman/candidates/java/11.0.10-zulu/lib/src.zip!/java.base" type="simple" />
            <root url="jar://$USER_HOME$/.sdkman/candidates/java/11.0.10-zulu/lib/src.zip!/jdk.jdeps" type="simple" />
            <root url="jar://$USER_HOME$/.sdkman/candidates/java/11.0.10-zulu/lib/src.zip!/jdk.jlink" type="simple" />
            <root url="jar://$USER_HOME$/.sdkman/candidates/java/11.0.10-zulu/lib/src.zip!/jdk.zipfs" type="simple" />
            <root url="jar://$USER_HOME$/.sdkman/candidates/java/11.0.10-zulu/lib/src.zip!/java.prefs" type="simple" />
            <root url="jar://$USER_HOME$/.sdkman/candidates/java/11.0.10-zulu/lib/src.zip!/jdk.attach" type="simple" />
            <root url="jar://$USER_HOME$/.sdkman/candidates/java/11.0.10-zulu/lib/src.zip!/jdk.jshell" type="simple" />
            <root url="jar://$USER_HOME$/.sdkman/candidates/java/11.0.10-zulu/lib/src.zip!/jdk.jstatd" type="simple" />
            <root url="jar://$USER_HOME$/.sdkman/candidates/java/11.0.10-zulu/lib/src.zip!/java.naming" type="simple" />
            <root url="jar://$USER_HOME$/.sdkman/candidates/java/11.0.10-zulu/lib/src.zip!/jdk.editpad" type="simple" />
            <root url="jar://$USER_HOME$/.sdkman/candidates/java/11.0.10-zulu/lib/src.zip!/jdk.jartool" type="simple" />
            <root url="jar://$USER_HOME$/.sdkman/candidates/java/11.0.10-zulu/lib/src.zip!/jdk.javadoc" type="simple" />
            <root url="jar://$USER_HOME$/.sdkman/candidates/java/11.0.10-zulu/lib/src.zip!/jdk.xml.dom" type="simple" />
            <root url="jar://$USER_HOME$/.sdkman/candidates/java/11.0.10-zulu/lib/src.zip!/java.desktop" type="simple" />
            <root url="jar://$USER_HOME$/.sdkman/candidates/java/11.0.10-zulu/lib/src.zip!/java.logging" type="simple" />
            <root url="jar://$USER_HOME$/.sdkman/candidates/java/11.0.10-zulu/lib/src.zip!/jdk.charsets" type="simple" />
            <root url="jar://$USER_HOME$/.sdkman/candidates/java/11.0.10-zulu/lib/src.zip!/jdk.compiler" type="simple" />
            <root url="jar://$USER_HOME$/.sdkman/candidates/java/11.0.10-zulu/lib/src.zip!/jdk.dynalink" type="simple" />
            <root url="jar://$USER_HOME$/.sdkman/candidates/java/11.0.10-zulu/lib/src.zip!/jdk.jconsole" type="simple" />
            <root url="jar://$USER_HOME$/.sdkman/candidates/java/11.0.10-zulu/lib/src.zip!/jdk.jsobject" type="simple" />
            <root url="jar://$USER_HOME$/.sdkman/candidates/java/11.0.10-zulu/lib/src.zip!/org.openjsse" type="simple" />
            <root url="jar://$USER_HOME$/.sdkman/candidates/java/11.0.10-zulu/lib/src.zip!/java.compiler" type="simple" />
            <root url="jar://$USER_HOME$/.sdkman/candidates/java/11.0.10-zulu/lib/src.zip!/java.net.http" type="simple" />
            <root url="jar://$USER_HOME$/.sdkman/candidates/java/11.0.10-zulu/lib/src.zip!/jdk.crypto.ec" type="simple" />
            <root url="jar://$USER_HOME$/.sdkman/candidates/java/11.0.10-zulu/lib/src.zip!/java.scripting" type="simple" />
            <root url="jar://$USER_HOME$/.sdkman/candidates/java/11.0.10-zulu/lib/src.zip!/jdk.httpserver" type="simple" />
            <root url="jar://$USER_HOME$/.sdkman/candidates/java/11.0.10-zulu/lib/src.zip!/jdk.jdwp.agent" type="simple" />
            <root url="jar://$USER_HOME$/.sdkman/candidates/java/11.0.10-zulu/lib/src.zip!/jdk.localedata" type="simple" />
            <root url="jar://$USER_HOME$/.sdkman/candidates/java/11.0.10-zulu/lib/src.zip!/jdk.management" type="simple" />
            <root url="jar://$USER_HOME$/.sdkman/candidates/java/11.0.10-zulu/lib/src.zip!/jdk.naming.dns" type="simple" />
            <root url="jar://$USER_HOME$/.sdkman/candidates/java/11.0.10-zulu/lib/src.zip!/jdk.naming.rmi" type="simple" />
            <root url="jar://$USER_HOME$/.sdkman/candidates/java/11.0.10-zulu/lib/src.zip!/java.instrument" type="simple" />
            <root url="jar://$USER_HOME$/.sdkman/candidates/java/11.0.10-zulu/lib/src.zip!/java.management" type="simple" />
            <root url="jar://$USER_HOME$/.sdkman/candidates/java/11.0.10-zulu/lib/src.zip!/java.sql.rowset" type="simple" />
            <root url="jar://$USER_HOME$/.sdkman/candidates/java/11.0.10-zulu/lib/src.zip!/java.xml.crypto" type="simple" />
            <root url="jar://$USER_HOME$/.sdkman/candidates/java/11.0.10-zulu/lib/src.zip!/jdk.internal.ed" type="simple" />
            <root url="jar://$USER_HOME$/.sdkman/candidates/java/11.0.10-zulu/lib/src.zip!/jdk.internal.le" type="simple" />
            <root url="jar://$USER_HOME$/.sdkman/candidates/java/11.0.10-zulu/lib/src.zip!/jdk.naming.ldap" type="simple" />
            <root url="jar://$USER_HOME$/.sdkman/candidates/java/11.0.10-zulu/lib/src.zip!/jdk.unsupported" type="simple" />
            <root url="jar://$USER_HOME$/.sdkman/candidates/java/11.0.10-zulu/lib/src.zip!/java.smartcardio" type="simple" />
            <root url="jar://$USER_HOME$/.sdkman/candidates/java/11.0.10-zulu/lib/src.zip!/jdk.internal.opt" type="simple" />
            <root url="jar://$USER_HOME$/.sdkman/candidates/java/11.0.10-zulu/lib/src.zip!/java.datatransfer" type="simple" />
            <root url="jar://$USER_HOME$/.sdkman/candidates/java/11.0.10-zulu/lib/src.zip!/jdk.accessibility" type="simple" />
            <root url="jar://$USER_HOME$/.sdkman/candidates/java/11.0.10-zulu/lib/src.zip!/jdk.hotspot.agent" type="simple" />
            <root url="jar://$USER_HOME$/.sdkman/candidates/java/11.0.10-zulu/lib/src.zip!/jdk.security.auth" type="simple" />
            <root url="jar://$USER_HOME$/.sdkman/candidates/java/11.0.10-zulu/lib/src.zip!/jdk.security.jgss" type="simple" />
            <root url="jar://$USER_HOME$/.sdkman/candidates/java/11.0.10-zulu/lib/src.zip!/java.security.jgss" type="simple" />
            <root url="jar://$USER_HOME$/.sdkman/candidates/java/11.0.10-zulu/lib/src.zip!/java.security.sasl" type="simple" />
            <root url="jar://$USER_HOME$/.sdkman/candidates/java/11.0.10-zulu/lib/src.zip!/jdk.internal.vm.ci" type="simple" />
            <root url="jar://$USER_HOME$/.sdkman/candidates/java/11.0.10-zulu/lib/src.zip!/jdk.management.jfr" type="simple" />
            <root url="jar://$USER_HOME$/.sdkman/candidates/java/11.0.10-zulu/lib/src.zip!/java.management.rmi" type="simple" />
            <root url="jar://$USER_HOME$/.sdkman/candidates/java/11.0.10-zulu/lib/src.zip!/java.transaction.xa" type="simple" />
            <root url="jar://$USER_HOME$/.sdkman/candidates/java/11.0.10-zulu/lib/src.zip!/jdk.crypto.cryptoki" type="simple" />
            <root url="jar://$USER_HOME$/.sdkman/candidates/java/11.0.10-zulu/lib/src.zip!/jdk.internal.jvmstat" type="simple" />
            <root url="jar://$USER_HOME$/.sdkman/candidates/java/11.0.10-zulu/lib/src.zip!/jdk.management.agent" type="simple" />
            <root url="jar://$USER_HOME$/.sdkman/candidates/java/11.0.10-zulu/lib/src.zip!/jdk.scripting.nashorn" type="simple" />
            <root url="jar://$USER_HOME$/.sdkman/candidates/java/11.0.10-zulu/lib/src.zip!/jdk.unsupported.desktop" type="simple" />
            <root url="jar://$USER_HOME$/.sdkman/candidates/java/11.0.10-zulu/lib/src.zip!/jdk.internal.vm.compiler" type="simple" />
            <root url="jar://$USER_HOME$/.sdkman/candidates/java/11.0.10-zulu/lib/src.zip!/jdk.scripting.nashorn.shell" type="simple" />
            <root url="jar://$USER_HOME$/.sdkman/candidates/java/11.0.10-zulu/lib/src.zip!/jdk.internal.vm.compiler.management" type="simple" />
          </root>
        </sourcePath>
      </roots>
      <additional />
    </jdk>
  </component>
</application>